pdb,acc,chain_id,family,receptor,group,orient_confidence_original,excluded_orientation_unresolved
10KT,P29274,A,ClassA,ADORA2A,GPCR,high,False
20ZC,P30989,F,ClassA,NTSR1,GPCR,high,False
22ES,P41145,C,ClassA,OPRK1,GPCR,high,False
23IV,P21554,E,ClassA,CNR1,GPCR,high,False
2VT4,P07700,B,ClassA,ADRB1,GPCR,high,False
4IB4,P41595,A,ClassA,HTR2B,GPCR,high,False
4NTJ,Q9H244,A,ClassA,P2RY12,GPCR,high,False
4PHU,O14842,A,ClassA,FFAR1,GPCR,high,False
6IIU,P21731,A,ClassA,TBXA2R,GPCR,high,False
6LI0,Q9Y2T5,A,ClassA,GPR52,GPCR,high,False
6QZH,P32248,A,ClassA,CCR7,GPCR,high,False
7EJX,Q9GZN0,A,ClassA,GPR88,GPCR,high,False
8G59,Q5NUL3,E,ClassA,FFAR4,GPCR,high,False
8WST,Q969V1,F,ClassA,MCHR2,GPCR,high,False
8X79,P43119,E,ClassA,PTGIR,GPCR,high,False
8XIO,P30872,A,ClassA,SSTR1,GPCR,high,False
8XOF,Q99527,E,ClassA,GPER1,GPCR,high,False
9JMC,O43193,E,ClassA,MLNR,GPCR,high,False
21DU,Q86SQ4,E,ClassB,ADGRG6,GPCR,high,False
25NV,Q03431,F,ClassB,PTH1R,GPCR,high,False
7D76,Q86Y34,D,ClassB,ADGRG3,GPCR,high,False
7EPT,Q6QNK2,E,ClassB,ADGRD1,GPCR,high,False
7F16,P49190,A,ClassB,PTH2R,GPCR,high,False
7SF7,Q9HAR2,A,ClassB,ADGRL3,GPCR,high,False
7WU3,Q5T601,E,ClassB,ADGRF1,GPCR,high,False
7WUI,Q8CJ12,E,ClassB,Adgrg2,GPCR,high,False
7YDH,P48960,E,ClassB,ADGRE5,GPCR,high,False
9QXL,Q9HBW9,A,ClassB,ADGRL4,GPCR,high,False
4OR2,Q13255,B,ClassC,GRM1,GPCR,high,False
6UO8,O75899,B,ClassC,GABBR2,GPCR,high,False
7DTT,P41180,A,ClassC,CASR,GPCR,high,False
7E9H,Q14833,A,ClassC,GRM4,GPCR,high,False
7EWL,Q5T848,A,ClassC,GPR158,GPCR,high,False
8YJP,Q8NFN8,A,ClassC,GPR156,GPCR,high,False
8YZK,Q9NZD1,A,ClassC,GPRC5D,GPCR,high,False
9NOR,Q7RTX0,A,ClassC,TAS1R3,GPCR,high,False
4JKV,Q99835,A,ClassF,SMO,GPCR,high,False
6BD4,Q9ULV1,A,ClassF,FZD4,GPCR,high,False
8J9N,Q9UP38,A,ClassF,FZD1,GPCR,high,False
8JH7,O60353,D,ClassF,FZD6,GPCR,high,False
10RX,G0GA88,A,K_2TM,G0GA88,non-GPCR,low_Nterm_Cterm_disagree,True
1S5H,P0A333,C,K_2TM,kcsA,non-GPCR,high,False
2AHY,Q81HW2,A,K_2TM,Q81HW2,non-GPCR,high_PDBTM,False
3LDC,O27564,,K_2TM,3LDC,non-GPCR,high_PDBTM,False
3SYA,P48542,A,K_2TM,Kcnj6,non-GPCR,high,False
4GX0,Q74FS9,B,K_2TM,Q74FS9,non-GPCR,high_PDBTM,False
4H33,Q8Y5K1,,K_2TM,4H33,non-GPCR,high_PDBTM,False
4TWK,O95069,A,K_2TM,KCNK2,non-GPCR,high_PDBTM,False
5CBG,D5UM26,,K_2TM,5CBG,non-GPCR,high_PDBTM,False
5KUK,F1NHE9,,K_2TM,5KUK,non-GPCR,high_PDBTM,False
6RV2,O14649,D,K_2TM,KCNK3,non-GPCR,low_Nterm_Cterm_disagree,True
6WLV,Q9JK62,,K_2TM,6WLV,non-GPCR,medium_PCA_fallback,True
7LJ5,Q9NYG8,,K_2TM,7LJ5,non-GPCR,high_PDBTM,False
8HK6,Q5JUK3,,K_2TM,8HK6,non-GPCR,medium_PCA_fallback,True
8QZ3,P57789,,K_2TM,8QZ3,non-GPCR,high_PDBTM,False
9BSN,Q9HB14,A,K_2TM,KCNK13,non-GPCR,high,False
9G9W,Q9NPC2,,K_2TM,9G9W,non-GPCR,medium_PCA_fallback,False
9KGL,Q14654,,K_2TM,9KGL,non-GPCR,medium_PCA_fallback,True
9MEK,Q9Y257,,K_2TM,9MEK,non-GPCR,medium_PCA_fallback,True
9O7S,P70604,,K_2TM,9O7S,non-GPCR,medium_PCA_fallback,True
9PR5,O60928,,K_2TM,9PR5,non-GPCR,medium_PCA_fallback,True
2A65,O67854,A,LeuT_APC,snf,non-GPCR,high_PDBTM,False
3GI8,Q58026,A,LeuT_APC,Q58026,non-GPCR,high_PDBTM,False
3L1L,P60063,A,LeuT_APC,adiC,non-GPCR,high_PDBTM,False
4DJI,P63235,A,LeuT_APC,gadC,non-GPCR,high_PDBTM,False
4M48,Q7K4Y6,A,LeuT_APC,DAT,non-GPCR,high,False
4US3,Q9KDT3,A,LeuT_APC,Q9KDT3,non-GPCR,high_PDBTM,False
5I6X,P31645,A,LeuT_APC,SLC6A4,non-GPCR,high,False
5OQT,Q5L1G5,A,LeuT_APC,Q5L1G5,non-GPCR,high_PDBTM,False
9FQU,Q09143,A,LeuT_APC,Slc7a1,non-GPCR,high,False
4GBY,P0AGF4,A,MFS,xylE,non-GPCR,high_PDBTM,False
4ZOW,P0AEY8,A,MFS,mdfA,non-GPCR,high_PDBTM,False
6G9X,A0LNN5,A,MFS,A0LNN5,non-GPCR,high_PDBTM,False
6H7D,Q9LT15,A,MFS,STP10,non-GPCR,high_PDBTM,False
6S4M,Q14728,A,MFS,SLC75A1,non-GPCR,high_PDBTM,False
8BB6,Q39232,A,MFS,SUC1,non-GPCR,high,False
8JSW,Q05940,A,MFS,SLC18A2,non-GPCR,high_PDBTM,False
8PNL,K5B8L6,C,MFS,K5B8L6,non-GPCR,high_PDBTM,False
9B3K,Q2G0A2,A,MFS,Q2G0A2,non-GPCR,high_PDBTM,False
9JBS,Q8N370,A,MFS,SLC43A2,non-GPCR,low_Nterm_Cterm_disagree,True
1AP9,P02945,A,Microbial_rhodopsin,bop,non-GPCR,high,False
1E12,P0DMH7,A,Microbial_rhodopsin,hop,non-GPCR,high,False
3DDL,Q2S2F8,A,Microbial_rhodopsin,Q2S2F8,non-GPCR,high_PDBTM,False
6EID,Q8RUT8,B,Microbial_rhodopsin,cop4,non-GPCR,high_PDBTM,False
6GYH,I0YUS5,A,Microbial_rhodopsin,I0YUS5,non-GPCR,high_PDBTM,False
11CJ,Q8NER1,A,VGIC_6TM,TRPV1,non-GPCR,high,False
22AY,O43526,A,VGIC_6TM,KCNQ2,non-GPCR,high,False
4G7V,F6XHE4,C,VGIC_6TM,"Phosphatidylinositol-3,4,5-trisphosphate 3-phosphatase",non-GPCR,high_PDBTM,False
6WEJ,Q03611,A,VGIC_6TM,tax-4,non-GPCR,high,False
7RH9,Q14028,B,VGIC_6TM,CNGB1,non-GPCR,high,False
8DDQ,J9SQF3,A,VGIC_6TM,Trpm3,non-GPCR,high,False
8INZ,Q9P1Z3,A,VGIC_6TM,HCN3,non-GPCR,high,False
8SR7,F2UB89,A,VGIC_6TM,F2UB89,non-GPCR,high_PDBTM,False
9J34,O65717,A,VGIC_6TM,CNGC1,non-GPCR,high,False
9J35,Q8RWS9,A,VGIC_6TM,CNGC5,non-GPCR,high,False
9J38,Q9NR82,A,VGIC_6TM,KCNQ5,non-GPCR,high,False
9PXN,O60741,A,VGIC_6TM,HCN1,non-GPCR,high,False
